Date de la collection,Titre,Contrat,Localisation,Salary,Start Date,Télétravail,Etudes,Experience,Compagny
2024-01-29,Développeur(euse) Python confirmé(e) / Consultant(e) AWS,CDI,Paris,Salaire : 50K à 65K €,,Télétravail fréquent,Éducation : Bac +5 / Master,Expérience : > 2 ans,Innovela
2024-01-29, Développeur(se) Python F/H ,CDI,Toulouse,Salaire : Non spécifié,,Télétravail fréquent,,Expérience : > 3 ans,CGI
2024-01-29, Développeur(se) Python F/H ,CDI,Montpellier,Salaire : Non spécifié,,Télétravail fréquent,,Expérience : > 3 ans,CGI
2024-01-29,Développeur Python - F/H,CDI,Fontaine,Salaire : Non spécifié,,Télétravail non autorisé,,,CS
2024-01-29,Développeur.se Python senior F/H,CDI,Paris,Salaire : Non spécifié,Début : 03 septembre 2023,Télétravail fréquent,Éducation : Bac +4,Expérience : > 5 ans,KAROS MOBILITY
2024-01-29,Développeur Python | Full Stack,CDI,Grenoble,Salaire : Non spécifié,,Télétravail fréquent,,Expérience : > 1 an,STEP Consulting
2024-01-29,Développeur Python H/F,CDI,Paris,Salaire : Non spécifié,,Télétravail fréquent,,,EXTIA
2024-01-29,Stage Développeur logiciel Python (H/F),Stage,Vélizy-Villacoublay,"Salaire : 1,4K €",,Télétravail non autorisé,Éducation : Bac +5 / Master,,Groupe SII
2024-01-29,DÉVELOPPEUR JUNIOR PYTHON - H/F,Stage,Paris,Salaire : Non spécifié,,Télétravail non autorisé,,Expérience : > 6 mois,Banque de France
2024-01-29,Développeuse ou Développeur Java/Python - Pôle Innovation et Recherche,CDI,Labège,Salaire : ≥ 40K €,,Télétravail fréquent,,,Berger-Levrault
2024-01-29,Développeur Python - C++ Embarqué - DeepLearning,CDI,Paris,Salaire : Non spécifié,,Télétravail occasionnel,,,Meritis
2024-01-29,Développeur Python (F/H),Stage,Lannion,Salaire : 600 à 1 200 €,,Télétravail non autorisé,Éducation : Bac +5 / Master,,Groupe SII
2024-01-29, Lead Développeur(se) Python / Cloud AWS F/H ,CDI,Lyon,Salaire : Non spécifié,,Télétravail fréquent,,Expérience : > 5 ans,CGI
2024-01-29,Développeur Python | Back-end | Stage à Paris,Stage(4 à 6 mois),Paris,Salaire : Non spécifié,Début : 04 février 2024,Télétravail occasionnel,,Expérience : > 6 mois,Finovox
2024-01-29,Développeur Python (Confirmé) - F/H,CDI,Grenoble,Salaire : 40K à 50K €,,Télétravail non autorisé,Éducation : Bac +5 / Master,Expérience : > 3 ans,Atos
2024-01-29,Stage - Développeur Python -  Domaine Spatial (F/H),Stage,Sophia-Antipolis,Salaire : < 19K €,,Télétravail non autorisé,,,Groupe SII
2024-01-29,Développeur Expert Python Fullstack H/F,CDI,Lyon,Salaire : Non spécifié,,Télétravail non autorisé,Éducation : Bac +5 / Master,Expérience : > 5 ans,NEXTON
2024-01-29,Développeur.se Python (F/H),CDI,Paris,Salaire : Non spécifié,,Télétravail occasionnel,,,Meritis
2024-01-29,Développeur backend Python F/H,CDI,Aix-en-Provence,Salaire : Non spécifié,,Télétravail fréquent,Éducation : Bac +3,Expérience : > 3 ans,Ombrea
2024-01-29,Développeur Python - Stage - F/H,Stage(2 à 6 mois),Paris,Salaire : Non spécifié,,Télétravail fréquent,Éducation : Bac +3,Expérience : > 6 mois,Dataleon
2024-01-29,Stagiaire Développeur Python orienté Frameworks AI (H/F),Stage(4 à 6 mois),Puteaux,Salaire : Non spécifié,,Télétravail occasionnel,Éducation : Bac +5 / Master,,Tata Consultancy Services
2024-01-29,Développeur Python Senior,CDI,Meudon,Salaire : Non spécifié,Début : 01 janvier 2024,Télétravail fréquent,Éducation : Bac +5 / Master,Expérience : > 4 ans,CAST
2024-01-29,Trading Systems - Développeur Python - H/F,CDI,Paris,Salaire : Non spécifié,,Télétravail fréquent,Éducation : Bac +5 / Master,,MARGO
2024-01-29, Lead Développeur(se) Python / Cloud AWS F/H ,CDI,Toulouse,Salaire : Non spécifié,,Télétravail fréquent,,Expérience : > 5 ans,CGI
2024-01-29,Développeur/se Python React (Toulouse),CDI,Bordeaux,Salaire : Non spécifié,,Télétravail fréquent,Éducation : Bac +5 / Master,Expérience : > 3 ans,Abbeal
2024-01-29,Développeur Python,CDI,La Défense,Salaire : 40K à 60K €,,Télétravail non autorisé,,Expérience : > 4 ans,Groupe SII
2024-01-29, Développeur(se) Python F/H ,CDI,Avignon,Salaire : Non spécifié,,Télétravail fréquent,,Expérience : > 3 ans,CGI
2024-01-29,[PARIS] Développeur Python (H/F),CDI,Paris,Salaire : Non spécifié,,Télétravail occasionnel,Éducation : Bac +5 / Master,,Meritis
2024-01-29,Développeur Backend - Python ,Stage(5 à 6 mois),Paris,Salaire : Non spécifié,Début : 04 février 2024,Télétravail occasionnel,Éducation : Bac +4,Expérience : < 6 mois,OOTI
