Titre,Contrat,Localisation,Salary,Start Date,Télétravail,Etudes,Experience,Compagny
Trading Systems - Développeur Python - H/F,CDI,Paris,Salaire : Non spécifié,,Télétravail fréquent,Éducation : Bac +5 / Master,,MARGO
Développeur.se Python senior F/H,CDI,Paris,Salaire : Non spécifié,Début : 03 septembre 2023,Télétravail fréquent,Éducation : Bac +4,Expérience : > 5 ans,KAROS MOBILITY
Développeur Python (Confirmé) - F/H,CDI,Grenoble,Salaire : 40K à 50K €,,Télétravail non autorisé,Éducation : Bac +5 / Master,Expérience : > 3 ans,Atos
Développeur backend Python F/H,CDI,Aix-en-Provence,Salaire : Non spécifié,,Télétravail fréquent,Éducation : Bac +3,Expérience : > 3 ans,Ombrea
Stagiaire Développeur Python orienté Frameworks AI (H/F),Stage(4 à 6 mois),Puteaux,Salaire : Non spécifié,,Télétravail occasionnel,Éducation : Bac +5 / Master,,Tata Consultancy Services
Développeur Backend - Python ,Stage(5 à 6 mois),Paris,Salaire : Non spécifié,Début : 04 février 2024,Télétravail occasionnel,Éducation : Bac +4,Expérience : < 6 mois,OOTI
Développeuse ou Développeur Java/Python - Pôle Innovation et Recherche,CDI,Labège,Salaire : ≥ 40K €,,Télétravail fréquent,,,Berger-Levrault
Développeur(euse) Python confirmé(e) / Consultant(e) AWS,CDI,Paris,Salaire : 50K à 65K €,,Télétravail fréquent,Éducation : Bac +5 / Master,Expérience : > 2 ans,Innovela
Développeur Python H/F,CDI,Paris,Salaire : Non spécifié,,Télétravail fréquent,,,EXTIA
Développeur Python | Back-end | Stage à Paris,Stage(4 à 6 mois),Paris,Salaire : Non spécifié,Début : 04 février 2024,Télétravail occasionnel,,Expérience : > 6 mois,Finovox
Développeur Python | Full Stack,CDI,Grenoble,Salaire : Non spécifié,,Télétravail fréquent,,Expérience : > 1 an,STEP Consulting
Développeur/se Python React (Toulouse),CDI,Bordeaux,Salaire : Non spécifié,,Télétravail fréquent,Éducation : Bac +5 / Master,Expérience : > 3 ans,Abbeal
Développeur Expert Python Fullstack H/F,CDI,Lyon,Salaire : Non spécifié,,Télétravail non autorisé,Éducation : Bac +5 / Master,Expérience : > 5 ans,NEXTON
DÉVELOPPEUR JUNIOR PYTHON - H/F,Stage,Paris,Salaire : Non spécifié,,Télétravail non autorisé,,Expérience : > 6 mois,Banque de France
Stage Développeur logiciel Python (H/F),Stage,Vélizy-Villacoublay,"Salaire : 1,4K €",,Télétravail non autorisé,Éducation : Bac +5 / Master,,Groupe SII
Stage - Développeur Python -  Domaine Spatial (F/H),Stage,Sophia-Antipolis,Salaire : < 19K €,,Télétravail non autorisé,,,Groupe SII
Développeur Python,CDI,La Défense,Salaire : 40K à 60K €,,Télétravail non autorisé,,Expérience : > 4 ans,Groupe SII
Développeur Python (F/H),Stage,Lannion,Salaire : 600 à 1 200 €,,Télétravail non autorisé,Éducation : Bac +5 / Master,,Groupe SII
Développeur.se Python (F/H),CDI,Paris,Salaire : Non spécifié,,Télétravail occasionnel,,,Meritis
[PARIS] Développeur Python (H/F),CDI,Paris,Salaire : Non spécifié,,Télétravail occasionnel,Éducation : Bac +5 / Master,,Meritis
Développeur Python - C++ Embarqué - DeepLearning,CDI,Paris,Salaire : Non spécifié,,Télétravail occasionnel,,,Meritis
 Développeur(se) Python F/H ,CDI,Toulouse,Salaire : Non spécifié,,Télétravail fréquent,,Expérience : > 3 ans,CGI
Développeur Python Senior,CDI,Meudon,Salaire : Non spécifié,Début : 01 janvier 2024,Télétravail fréquent,Éducation : Bac +5 / Master,Expérience : > 4 ans,CAST
 Lead Développeur(se) Python / Cloud AWS F/H ,CDI,Toulouse,Salaire : Non spécifié,,Télétravail fréquent,,Expérience : > 5 ans,CGI
 Développeur(se) Python F/H ,CDI,Montpellier,Salaire : Non spécifié,,Télétravail fréquent,,Expérience : > 3 ans,CGI
 Développeur(se) Python F/H ,CDI,Avignon,Salaire : Non spécifié,,Télétravail fréquent,,Expérience : > 3 ans,CGI
 Lead Développeur(se) Python / Cloud AWS F/H ,CDI,Lyon,Salaire : Non spécifié,,Télétravail fréquent,,Expérience : > 5 ans,CGI
Développeur Python - F/H,CDI,Fontaine,Salaire : Non spécifié,,Télétravail non autorisé,,,CS
Développeur Python - F/H,CDI,Lyon,Salaire : Non spécifié,,Télétravail non autorisé,,,CS
Développeur Python / Projet spatial - F/H,CDI,Toulouse,Salaire : Non spécifié,,Télétravail non autorisé,,,CS
